<?xml version="1.0" encoding="UTF-8"?>
<metadata xml:lang="en"><Esri><CreaDate>20130530</CreaDate><CreaTime>13415400</CreaTime><ArcGISFormat>1.0</ArcGISFormat><SyncOnce>TRUE</SyncOnce><DataProperties><lineage><Process ToolSource="C:\Program Files (x86)\ArcGIS\Desktop10.0\ArcToolbox\Toolboxes\Conversion Tools.tbx\FeatureToRaster" Date="20130530" Time="134154">FeatureToRaster points2 ID C:\Work\Fragstats\Software\Fragstats4\Tutorial\Tutorial_6\points 50</Process></lineage></DataProperties></Esri></metadata>
