<?xml version="1.0" encoding="UTF-8"?>
<metadata xml:lang="en"><Esri><CreaDate>20130530</CreaDate><CreaTime>09501200</CreaTime><ArcGISFormat>1.0</ArcGISFormat><SyncOnce>TRUE</SyncOnce><DataProperties><itemProps><itemLocation><linkage Sync="TRUE">file://\\MINIMCGEE\C$\Work\Fragstats\Software\Fragstats4\Tutorial\Tutorial_6\lugrid</linkage><protocol Sync="TRUE">Local Area Network</protocol></itemLocation></itemProps><copyHistory><copy source="C:\Work\Fragstats\Software\Fragstats4\Tutorial\Tutorial_1\lugrid" dest="\\MINIMCGEE\C$\Work\Fragstats\Software\Fragstats4\Tutorial\Tutorial_6\lugrid" date="20130530" time="09501200"></copy></copyHistory></DataProperties></Esri></metadata>
