<?xml version="1.0" encoding="UTF-8"?>
<metadata xml:lang="en"><Esri><CreaDate>20120424</CreaDate><CreaTime>17590900</CreaTime><ArcGISFormat>1.0</ArcGISFormat><SyncOnce>TRUE</SyncOnce><DataProperties><itemProps><itemLocation><linkage Sync="TRUE">file://\\MINIMCGEE\C$\Work\Fragstats\Software\Fragstats4\Tutorial\Tutorial_3\reg66b</linkage><protocol Sync="TRUE">Local Area Network</protocol></itemLocation></itemProps><copyHistory><copy source="C:\Work\Fragstats\Software\Fragstats4\Tutorial\Tutorial_1\reg66b" dest="\\MINIMCGEE\C$\Work\Fragstats\Software\Fragstats4\Tutorial\Tutorial_3\reg66b" date="20120424" time="17590900"></copy></copyHistory></DataProperties></Esri></metadata>
