<PAMDataset>
  <Metadata/>
  <Metadata domain="ESRI">
    <MDI key="PyramidResamplingType">NEAREST</MDI>
  </Metadata>
  <PAMRasterBand band="1">
    <Histograms>
      <HistItem>
        <HistMin>-700</HistMin>
        <HistMax>700</HistMax>
        <BucketCount>256</BucketCount>
        <IncludeOutOfRange>1</IncludeOutOfRange>
        <Approximate>0</Approximate>
        <HistCounts>18|0|0|0|0|0|0|0|0|0|0|0|0|0|0|0|0|0|4|0|0|0|0|0|0|0|0|0|0|0|0|0|0|0|0|0|83|0|0|0|0|0|0|0|0|0|0|0|0|0|0|0|0|0|12|0|0|0|0|0|0|0|0|0|0|0|0|0|0|0|0|0|28|0|0|0|0|0|0|0|0|0|0|0|0|0|0|0|0|0|0|0|0|0|0|0|0|0|0|0|0|0|0|0|0|0|0|0|0|259|0|0|0|0|0|0|0|0|0|0|0|0|0|0|0|0|0|0|0|0|0|0|0|0|0|0|0|0|0|0|0|0|0|0|0|6397|0|0|0|0|0|0|0|0|0|0|0|0|0|0|0|0|0|0|0|0|0|0|0|0|0|0|0|0|0|0|0|0|0|0|0|0|611|0|0|0|0|0|0|0|0|0|0|0|0|0|0|0|0|0|599|0|0|0|0|0|0|0|0|0|0|0|0|0|0|0|0|0|2052|0|0|0|0|0|0|0|0|0|0|0|0|0|0|0|0|0|28|0|0|0|0|0|0|0|0|0|0|0|0|0|0|0|0|0|0|313</HistCounts>
      </HistItem>
    </Histograms>
    <GDALRasterAttributeTable>
      <FieldDefn index="0">
        <Name>Rowid</Name>
        <Type>0</Type>
        <Usage>0</Usage>
      </FieldDefn>
      <FieldDefn index="1">
        <Name>VALUE</Name>
        <Type>0</Type>
        <Usage>0</Usage>
      </FieldDefn>
      <FieldDefn index="2">
        <Name>COUNT</Name>
        <Type>0</Type>
        <Usage>0</Usage>
      </FieldDefn>
      <Row index="0">
        <F>0</F>
        <F>-700</F>
        <F>18</F>
      </Row>
      <Row index="1">
        <F>1</F>
        <F>-600</F>
        <F>4</F>
      </Row>
      <Row index="2">
        <F>2</F>
        <F>-500</F>
        <F>83</F>
      </Row>
      <Row index="3">
        <F>3</F>
        <F>-400</F>
        <F>12</F>
      </Row>
      <Row index="4">
        <F>4</F>
        <F>-300</F>
        <F>28</F>
      </Row>
      <Row index="5">
        <F>5</F>
        <F>-100</F>
        <F>259</F>
      </Row>
      <Row index="6">
        <F>6</F>
        <F>100</F>
        <F>6397</F>
      </Row>
      <Row index="7">
        <F>7</F>
        <F>300</F>
        <F>611</F>
      </Row>
      <Row index="8">
        <F>8</F>
        <F>400</F>
        <F>599</F>
      </Row>
      <Row index="9">
        <F>9</F>
        <F>500</F>
        <F>2052</F>
      </Row>
      <Row index="10">
        <F>10</F>
        <F>600</F>
        <F>28</F>
      </Row>
      <Row index="11">
        <F>11</F>
        <F>700</F>
        <F>313</F>
      </Row>
    </GDALRasterAttributeTable>
  </PAMRasterBand>
</PAMDataset>
