<?xml version="1.0" encoding="UTF-8"?>
<metadata xml:lang="en"><Esri><CreaDate>20130926</CreaDate><CreaTime>07055900</CreaTime><ArcGISFormat>1.0</ArcGISFormat><SyncOnce>TRUE</SyncOnce><DataProperties><lineage><Process ToolSource="C:\Program Files (x86)\ArcGIS\Desktop10.0\ArcToolbox\Toolboxes\Conversion Tools.tbx\RasterToPoint" Date="20130926" Time="070559">RasterToPoint points C:\Work\Fragstats\Tutorial\Tutorial_6\pointscov.shp VALUE</Process><Process ToolSource="C:\Program Files (x86)\ArcGIS\Desktop10.0\ArcToolbox\Toolboxes\Data Management Tools.tbx\AddXY" Date="20130926" Time="070620">AddXY pointscov</Process></lineage></DataProperties></Esri></metadata>
