<PAMDataset>
  <Metadata/>
  <Metadata domain="ESRI">
    <MDI key="PyramidResamplingType">NEAREST</MDI>
  </Metadata>
  <PAMRasterBand band="1">
    <GDALRasterAttributeTable>
      <FieldDefn index="0">
        <Name>Rowid</Name>
        <Type>0</Type>
        <Usage>0</Usage>
      </FieldDefn>
      <FieldDefn index="1">
        <Name>VALUE</Name>
        <Type>0</Type>
        <Usage>0</Usage>
      </FieldDefn>
      <FieldDefn index="2">
        <Name>COUNT</Name>
        <Type>0</Type>
        <Usage>0</Usage>
      </FieldDefn>
      <Row index="0">
        <F>0</F>
        <F>150</F>
        <F>9237</F>
      </Row>
      <Row index="1">
        <F>1</F>
        <F>151</F>
        <F>21562</F>
      </Row>
      <Row index="2">
        <F>2</F>
        <F>168</F>
        <F>9578</F>
      </Row>
      <Row index="3">
        <F>3</F>
        <F>174</F>
        <F>7083</F>
      </Row>
      <Row index="4">
        <F>4</F>
        <F>175</F>
        <F>14091</F>
      </Row>
      <Row index="5">
        <F>5</F>
        <F>194</F>
        <F>15191</F>
      </Row>
      <Row index="6">
        <F>6</F>
        <F>201</F>
        <F>13028</F>
      </Row>
      <Row index="7">
        <F>7</F>
        <F>211</F>
        <F>28751</F>
      </Row>
      <Row index="8">
        <F>8</F>
        <F>217</F>
        <F>25562</F>
      </Row>
      <Row index="9">
        <F>9</F>
        <F>218</F>
        <F>17428</F>
      </Row>
      <Row index="10">
        <F>10</F>
        <F>223</F>
        <F>27459</F>
      </Row>
      <Row index="11">
        <F>11</F>
        <F>224</F>
        <F>27135</F>
      </Row>
      <Row index="12">
        <F>12</F>
        <F>246</F>
        <F>36985</F>
      </Row>
      <Row index="13">
        <F>13</F>
        <F>249</F>
        <F>5600</F>
      </Row>
      <Row index="14">
        <F>14</F>
        <F>255</F>
        <F>3717</F>
      </Row>
      <Row index="15">
        <F>15</F>
        <F>257</F>
        <F>57300</F>
      </Row>
      <Row index="16">
        <F>16</F>
        <F>260</F>
        <F>41422</F>
      </Row>
      <Row index="17">
        <F>17</F>
        <F>289</F>
        <F>29109</F>
      </Row>
      <Row index="18">
        <F>18</F>
        <F>291</F>
        <F>19135</F>
      </Row>
      <Row index="19">
        <F>19</F>
        <F>297</F>
        <F>11446</F>
      </Row>
      <Row index="20">
        <F>20</F>
        <F>299</F>
        <F>14094</F>
      </Row>
      <Row index="21">
        <F>21</F>
        <F>300</F>
        <F>23598</F>
      </Row>
      <Row index="22">
        <F>22</F>
        <F>303</F>
        <F>22809</F>
      </Row>
      <Row index="23">
        <F>23</F>
        <F>330</F>
        <F>27182</F>
      </Row>
      <Row index="24">
        <F>24</F>
        <F>337</F>
        <F>33173</F>
      </Row>
      <Row index="25">
        <F>25</F>
        <F>348</F>
        <F>29344</F>
      </Row>
      <Row index="26">
        <F>26</F>
        <F>354</F>
        <F>24746</F>
      </Row>
      <Row index="27">
        <F>27</F>
        <F>357</F>
        <F>38468</F>
      </Row>
      <Row index="28">
        <F>28</F>
        <F>367</F>
        <F>23062</F>
      </Row>
      <Row index="29">
        <F>29</F>
        <F>368</F>
        <F>30824</F>
      </Row>
      <Row index="30">
        <F>30</F>
        <F>376</F>
        <F>18142</F>
      </Row>
      <Row index="31">
        <F>31</F>
        <F>379</F>
        <F>34271</F>
      </Row>
      <Row index="32">
        <F>32</F>
        <F>383</F>
        <F>46341</F>
      </Row>
      <Row index="33">
        <F>33</F>
        <F>401</F>
        <F>25250</F>
      </Row>
      <Row index="34">
        <F>34</F>
        <F>402</F>
        <F>27158</F>
      </Row>
      <Row index="35">
        <F>35</F>
        <F>405</F>
        <F>20401</F>
      </Row>
      <Row index="36">
        <F>36</F>
        <F>411</F>
        <F>16574</F>
      </Row>
      <Row index="37">
        <F>37</F>
        <F>413</F>
        <F>13471</F>
      </Row>
      <Row index="38">
        <F>38</F>
        <F>414</F>
        <F>8300</F>
      </Row>
      <Row index="39">
        <F>39</F>
        <F>420</F>
        <F>9954</F>
      </Row>
    </GDALRasterAttributeTable>
  </PAMRasterBand>
</PAMDataset>
