<PAMDataset>
  <PAMRasterBand band="1">
    <Description>tiles</Description>
    <Histograms>
      <HistItem>
        <HistMin>150</HistMin>
        <HistMax>420</HistMax>
        <BucketCount>256</BucketCount>
        <IncludeOutOfRange>1</IncludeOutOfRange>
        <Approximate>0</Approximate>
        <HistCounts>30799|0|0|0|0|0|0|0|0|0|0|0|0|0|0|0|0|9578|0|0|0|0|7083|14091|0|0|0|0|0|0|0|0|0|0|0|0|0|0|0|0|0|15191|0|0|0|0|0|0|13028|0|0|0|0|0|0|0|0|28751|0|0|0|0|0|25562|17428|0|0|0|27459|27135|0|0|0|0|0|0|0|0|0|0|0|0|0|0|0|0|0|0|0|0|36985|0|0|5600|0|0|0|0|0|3717|0|57300|0|41422|0|0|0|0|0|0|0|0|0|0|0|0|0|0|0|0|0|0|0|0|0|0|0|0|0|0|0|29109|0|19135|0|0|0|0|11446|0|14094|23598|0|0|22809|0|0|0|0|0|0|0|0|0|0|0|0|0|0|0|0|0|0|0|0|0|0|0|0|0|27182|0|0|0|0|0|33173|0|0|0|0|0|0|0|0|0|0|29344|0|0|0|0|24746|0|0|38468|0|0|0|0|0|0|0|0|23062|30824|0|0|0|0|0|0|0|18142|0|0|34271|0|0|0|46341|0|0|0|0|0|0|0|0|0|0|0|0|0|0|0|0|25250|27158|0|20401|0|0|0|0|0|16574|0|13471|8300|0|0|0|0|0|9954</HistCounts>
      </HistItem>
    </Histograms>
    <Metadata>
      <MDI key="STATISTICS_MINIMUM">150</MDI>
      <MDI key="STATISTICS_MAXIMUM">420</MDI>
      <MDI key="STATISTICS_MEAN">303.05429078362</MDI>
      <MDI key="STATISTICS_STDDEV">75.932117960444</MDI>
    </Metadata>
  </PAMRasterBand>
</PAMDataset>
