<?xml version="1.0" encoding="UTF-8"?>
<metadata xml:lang="en"><Esri><CreaDate>20130530</CreaDate><CreaTime>09562000</CreaTime><ArcGISFormat>1.0</ArcGISFormat><SyncOnce>TRUE</SyncOnce><DataProperties><lineage><Process ToolSource="C:\Program Files (x86)\ArcGIS\Desktop10.0\ArcToolbox\Toolboxes\Spatial Analyst Tools.tbx\ExtractByMask" Date="20130530" Time="095620">ExtractByMask test lugrid C:\Work\Fragstats\Software\Fragstats4\Tutorial\Tutorial_6\tiles</Process></lineage></DataProperties></Esri></metadata>
