<?xml version="1.0" encoding="UTF-8"?>
<metadata xml:lang="en"><Esri><CreaDate>20120424</CreaDate><CreaTime>17483000</CreaTime><ArcGISFormat>1.0</ArcGISFormat><SyncOnce>TRUE</SyncOnce><DataProperties><itemProps><itemLocation><linkage Sync="TRUE">file://\\MINIMCGEE\C$\Work\Fragstats\Software\Fragstats4\Tutorial\Tutoral_2\reg78b</linkage><protocol Sync="TRUE">Local Area Network</protocol></itemLocation></itemProps><copyHistory><copy source="C:\Work\Fragstats\Software\Fragstats4\Tutorial\Tutorial_1\reg78b" dest="\\MINIMCGEE\C$\Work\Fragstats\Software\Fragstats4\Tutorial\Tutoral_2\reg78b" date="20120424" time="17483000"></copy></copyHistory></DataProperties></Esri></metadata>
