<?xml version="1.0" encoding="UTF-8"?>
<metadata xml:lang="en"><Esri><CreaDate>20120412</CreaDate><CreaTime>20464900</CreaTime><ArcGISFormat>1.0</ArcGISFormat><SyncOnce>TRUE</SyncOnce><DataProperties><itemProps><itemLocation><linkage Sync="TRUE">file://\\MINIMCGEE\C$\Work\Fragstats\Software\Fragstats4\Demo\lugrid</linkage><protocol Sync="TRUE">Local Area Network</protocol></itemLocation></itemProps><copyHistory><copy source="C:\Temp\lugrid" dest="\\MINIMCGEE\C$\Work\Fragstats\Software\Fragstats4\Demo\lugrid" date="20120412" time="20464900"></copy></copyHistory></DataProperties></Esri></metadata>
